City,Cloudiness,Country,Date,Max Temp,Wind Speed,Lat,Lng,Humidity
Faanui,6,PF,1562700749,25.38,6.66,-16.48,-151.75,76
Arraial do Cabo,20,BR,1562700750,22,5.1,-22.97,-42.02,56
Kapaa,20,US,1562700750,28.33,5.7,22.08,-159.32,83
Kahului,20,US,1562700618,28,5.7,20.89,-156.47,69
Lagoa,0,PT,1562700750,22.78,6.2,37.14,-8.45,77
Nautla,9,MX,1562700750,30.88,7.17,20.22,-96.78,64
Katsuura,75,JP,1562700750,23,2.1,33.93,134.5,94
Mao,20,DO,1562700750,35,10.8,19.55,-71.08,41
Bredasdorp,0,ZA,1562700751,10,1.5,-34.53,20.04,87
Itarema,2,BR,1562700707,25.08,3.54,-2.92,-39.92,75
Jinchang,0,CN,1562700751,14.08,0.98,38.52,102.19,58
Novo Aripuana,76,BR,1562700751,29.08,0.92,-5.12,-60.38,70
Itatskiy,100,RU,1562700751,14.78,1.96,56.07,89.04,88
Pisco,90,PE,1562700751,22,3.1,-13.71,-76.2,30
Micheweni,38,TZ,1562700751,26.18,7.87,-4.97,39.83,79
Hobart,75,AU,1562700752,10.56,4.6,-42.88,147.33,70
Tansen,100,NP,1562700752,20.48,1.18,27.87,83.55,97
Cockburn Town,40,TC,1562700752,32,5.1,21.46,-71.14,70
Busselton,31,AU,1562700752,13.89,7.66,-33.64,115.35,62
Narsaq,75,GL,1562700753,19,8.7,60.91,-46.05,24
Punta Arenas,90,CL,1562700753,3,1,-53.16,-70.91,100
Tiksi,10,RU,1562700753,14.98,5.73,71.64,128.87,75
Nhulunbuy,33,AU,1562700753,21,2.1,-12.18,136.78,94
Bara,100,NG,1562700753,22.78,1.59,10.41,10.6,87
Vaini,96,IN,1562700753,25.48,4.49,15.34,74.49,86
Abu Dhabi,0,AE,1562700523,36,3.6,24.47,54.37,41
Kruisfontein,0,ZA,1562700754,10.78,1.01,-34,24.73,87
Saskylakh,0,RU,1562700754,16.98,5.11,71.97,114.09,72
Rockhampton,90,AU,1562700754,15,0.69,-23.38,150.51,100
Lasem,1,ID,1562700754,20.48,1.85,-6.99,112.52,87
Tarija,0,BO,1562700754,34,2.1,-21.53,-64.73,13
Cape Town,0,ZA,1562700621,13.33,4.1,-33.93,18.42,87
Birjand,0,IR,1562700754,29,4.1,32.86,59.22,16
Puerto Ayora,75,EC,1562700754,24,10.3,-0.74,-90.35,73
Serenje,0,ZM,1562700755,10.98,2.36,-13.23,30.22,42
Albany,40,US,1562700608,31.11,4.73,42.65,-73.75,28
Ancud,90,CL,1562700755,11,5.1,-41.87,-73.83,100
Port Alfred,0,ZA,1562700755,14.44,0.89,-33.59,26.89,92
Ler,0,NO,1562700755,16.11,3.6,63.2,10.3,77
Dikson,100,RU,1562700755,0.48,4.16,73.51,80.55,98
Jamestown,0,AU,1562700599,9.08,6.07,-33.21,138.6,61
Ilulissat,20,GL,1562700755,12,2.1,69.22,-51.1,46
Jumla,99,NP,1562700755,13.38,0.72,29.28,82.18,97
Yellowknife,75,CA,1562700756,13,5.1,62.45,-114.38,62
New Norfolk,75,AU,1562700756,10.56,4.6,-42.78,147.06,70
Kazuno,94,JP,1562700756,13.08,1.14,40.2,140.83,79
Oskarshamn,40,SE,1562700809,16,4.1,57.26,16.44,63
Bethel,1,US,1562700810,21,4.6,60.79,-161.76,88
Dawlatabad,0,AF,1562700810,26.58,4.05,36.41,64.91,13
Sotnikovskoye,12,RU,1562700810,19.68,4.68,45,43.79,46
Bluff,86,AU,1562700810,15.48,0.84,-23.58,149.07,91
Ushuaia,75,AR,1562700810,3,2.6,-54.81,-68.31,100
Mar del Plata,0,AR,1562700810,7.68,1.74,-46.43,-67.52,70
Hambantota,40,LK,1562700810,24,1.5,6.12,81.12,100
Uyuni,0,BO,1562700810,10.98,3,-20.46,-66.82,25
Puerto Escondido,40,MX,1562700811,31,4.1,15.86,-97.07,66
Mahebourg,40,MU,1562700811,22,2.6,-20.41,57.7,88
Russell,1,US,1562700811,32.78,1.74,38.9,-98.86,58
Atuona,33,PF,1562700811,26.98,4.65,-9.8,-139.03,74
Mataura,100,NZ,1562700811,3.89,0.45,-46.19,168.86,97
Jadu,0,LY,1562700811,31.88,3.6,31.95,12.03,18
Castro,90,CL,1562700812,11,5.1,-42.48,-73.76,100
Hithadhoo,7,MV,1562700812,28.78,4.91,-0.6,73.08,72
Souillac,0,FR,1562700812,27,5.1,45.6,-0.6,24
Bondo,100,CD,1562700812,21.08,0.23,3.81,23.69,97
Mmabatho,0,ZA,1562700812,12,3.6,-25.85,25.61,34
Almeirim,5,BR,1562700812,25.68,1.45,-1.53,-52.58,92
Butaritari,37,KI,1562700812,28.48,1.47,3.07,172.79,72
Northam,90,AU,1562700813,12,1.5,-31.65,116.67,93
Chuy,100,UY,1562700813,11.18,2.96,-33.69,-53.46,86
Guanica,40,PR,1562700813,30.56,8.39,17.97,-66.91,74
Singaraja,11,ID,1562700813,25.58,2.19,-8.11,115.08,72
Znamenskoye,7,RU,1562700813,9.08,2,57.13,73.82,97
Ayorou,85,NE,1562700813,28.28,5.21,14.73,0.92,53
Pacifica,75,US,1562700813,21.11,6.2,37.61,-122.49,68
Nantucket,1,US,1562700642,28.89,4.1,41.28,-70.1,61
Tual,79,ID,1562700814,25.68,10.2,-5.67,132.75,82
Portmore,20,JM,1562700619,30,6.2,17.97,-76.87,62
Longyearbyen,0,NO,1562700814,9,4.6,78.22,15.63,76
Amga,87,RU,1562700650,18.58,1.12,60.89,131.98,96
Barrow,0,AR,1562700814,11.08,2.4,-38.31,-60.23,67
Krasnoye,0,RU,1562700814,19,1,44.87,39.46,48
Okato,99,NZ,1562700814,12.22,4.47,-39.19,173.88,88
Dekar,0,BW,1562700814,12.38,3.12,-21.53,21.93,26
Norman Wells,40,CA,1562700771,18,3.1,65.28,-126.83,45
Okhotsk,100,RU,1562700815,9.78,1.78,59.36,143.24,90
Slave Lake,1,CA,1562700815,14,2.6,55.28,-114.77,58
Lompoc,40,US,1562700815,25,4.6,34.64,-120.46,68
Upernavik,5,GL,1562700815,5.68,10.66,72.79,-56.15,80
IJsselstein,20,NL,1562700815,18,3.1,52.02,5.05,59
Buraydah,0,SA,1562700815,34,5.7,26.33,43.97,21
Skibbereen,40,IE,1562700815,17,4.1,51.55,-9.27,72
Kumla,0,SE,1562700815,18,1,59.13,15.14,63
Denpasar,40,ID,1562700816,25,2.6,-8.65,115.22,88
Khani,75,GE,1562700869,21,1,41.96,42.96,88
Carnarvon,0,ZA,1562700870,11.28,2.55,-30.97,22.13,44
Boende,100,CD,1562700870,22.58,1,-0.28,20.88,92
Nishihara,90,JP,1562700870,19.44,2.53,35.74,139.53,88
Isangel,20,VU,1562700870,18,8.59,-19.55,169.27,77
Tiznit,0,MA,1562700870,19.78,11.77,29.7,-9.73,84
Kloulklubed,90,PW,1562700870,25,3.6,7.04,134.26,94
Ormstown,90,CA,1562700870,30.56,7.7,45.13,-73.99,35
Emba,0,CY,1562700871,27,3.6,34.81,32.42,83
Tsogni,1,GA,1562700874,22.48,3.55,-2.79,10.1,89
Namibe,85,AO,1562700874,19.58,2.19,-15.19,12.15,87
Azul,81,AR,1562700874,15.56,1.69,-36.78,-59.86,52
Rikitea,37,PF,1562700874,23.08,6.8,-23.12,-134.97,83
Richards Bay,0,ZA,1562700874,18.58,3.6,-28.77,32.06,76
Port Elizabeth,1,US,1562700687,32.22,2.83,39.31,-74.98,48
Hilo,90,US,1562700874,27.78,5.1,19.71,-155.08,83
Tigil,100,RU,1562700875,13.48,2.15,57.8,158.67,77
Vila Velha,0,BR,1562700655,30,7.2,-3.71,-38.6,65
Clyde River,20,CA,1562700875,12,4.6,70.47,-68.59,66
Turukhansk,100,RU,1562700875,10.98,1.98,65.8,87.96,82
Nikolskoye,90,RU,1562700875,14,2,59.7,30.79,76
Guerrero Negro,0,MX,1562700875,18.88,5.84,27.97,-114.04,83
Lavrentiya,0,RU,1562700875,21.08,2.74,65.58,-170.99,32
Kaitangata,100,NZ,1562700875,4.44,1.69,-46.28,169.85,84
Kodiak,1,US,1562700879,32.22,3.1,39.95,-94.76,22
Hami,100,CN,1562700879,28.28,1.99,42.84,93.51,22
Knysna,0,ZA,1562700882,10,1.5,-34.04,23.05,87
Lebu,11,ET,1562700882,13.88,0.41,8.96,38.73,88
Ribeira Grande,20,PT,1562700883,24,6.7,38.52,-28.7,83
Sabzevar,63,IR,1562700883,26.28,3.76,36.21,57.68,24
Qaanaaq,100,GL,1562700883,4.18,1.85,77.48,-69.36,84
Porto Belo,20,BR,1562700883,21,4.6,-27.15,-48.54,72
Severo-Kurilsk,94,RU,1562700883,6.38,5.06,50.68,156.12,95
Am Timan,42,TD,1562700883,26.88,1.49,11.04,20.28,66
Nicoya,75,CR,1562700883,30,1.5,10.15,-85.45,66
Ixtapa,40,MX,1562700884,31.67,6.2,20.71,-105.21,52
Victoria,75,BN,1562700829,24,1.5,5.28,115.24,100
Port Moresby,21,PG,1562700884,24.38,9.15,-9.47,147.16,82
Ludvika,71,SE,1562700884,17,2.1,60.15,15.18,51
Dunmore East,99,IE,1562700813,18.89,1.34,52.15,-6.99,78
Matata,100,NZ,1562700887,9.44,0.83,-37.89,176.76,93
Mangrol,99,IN,1562700887,28.08,6.14,25.33,76.51,82
Mbale,88,UG,1562700845,19.58,1.9,1.07,34.17,88
Santa Fe,100,AR,1562700887,15.38,2.53,-31.62,-60.7,73
Bonavista,100,CA,1562700930,13.18,3.91,48.65,-53.11,82
Los Llanos de Aridane,40,ES,1562700933,23,7.2,28.66,-17.92,69
Avarua,20,CK,1562700933,25,3.6,-21.21,-159.78,78
Iqaluit,40,CA,1562700933,22,7.2,63.75,-68.52,40
Ostrovnoy,100,RU,1562700933,4.58,7.41,68.05,39.51,96
Labuhan,100,ID,1562700934,22.78,0.09,-2.54,115.51,88
Fairlie,40,US,1562700934,36.11,5.1,33.31,-95.96,56
Tuktoyaktuk,75,CA,1562700934,15,2.6,69.44,-133.03,54
Coquimbo,0,CL,1562700651,18.33,3.6,-29.95,-71.34,71
Chicama,75,PE,1562700934,19,4.1,-7.84,-79.15,77
Ust-Kuyga,0,RU,1562700935,21.48,4.11,70,135.55,63
Bobrov,0,RU,1562700935,12.48,3.57,51.1,40.03,91
Ponte de Sor,77,PT,1562700935,31.11,2.24,39.25,-8.01,26
Huarmey,0,PE,1562700935,17.08,6.66,-10.07,-78.15,87
Alekseyevsk,8,RU,1562700935,14.68,0.84,57.84,108.35,90
Odienne,99,CI,1562700935,22.78,1.13,9.51,-7.57,92
Yar-Sale,99,RU,1562700935,8.18,3.26,66.83,70.83,69
Shangrao,100,CN,1562700936,20.18,1.27,28.45,117.97,98
Te Anau,100,NZ,1562700936,6.08,1.54,-45.41,167.72,92
Kavieng,100,PG,1562700936,25.88,1.72,-2.57,150.8,82
Tonantins,100,BR,1562700936,26.58,1.4,-2.86,-67.77,84
Poya,24,NC,1562700936,19.48,5.07,-21.35,165.16,70
Bathsheba,40,BB,1562700937,31,9.3,13.22,-59.52,62
Husavik,100,CA,1562700937,22.22,1.5,50.56,-96.99,73
Honiara,75,SB,1562700937,24,12.69,-9.43,159.96,94
Alofi,0,NU,1562700937,25,4.1,-19.06,-169.92,94
La Tuque,100,CA,1562700937,25.98,4.82,47.44,-72.79,32
Hofn,100,IS,1562700937,2.78,0.97,64.25,-15.21,92
Lazaro Cardenas,75,MX,1562700659,35,2.6,28.39,-105.62,27
Mikuni,75,JP,1562700938,21,1.5,36.22,136.15,88
Moramanga,100,MG,1562700938,16.28,0.5,-18.95,48.23,99
Baruun-Urt,0,MN,1562700938,15.68,1.63,46.68,113.28,69
Talnakh,75,RU,1562700938,9,6,69.49,88.39,87
Sisophon,100,KH,1562700938,24.08,3.08,13.59,102.97,89
Puerto Madero,0,AR,1562700938,18,2.1,-34.61,-58.36,67
Matamoros,40,US,1562700938,35.56,5.7,25.87,-97.51,53
General Pico,100,AR,1562700939,11.48,1.57,-35.66,-63.75,64
Santa Maria,0,BR,1562700784,25,3.6,-16.02,-48.01,33
Tasiilaq,40,GL,1562700939,7,3.6,65.61,-37.64,75
Bukama,9,CD,1562700939,18.18,0.44,-9.2,25.85,36
Nome,40,US,1562700990,35.56,2.6,30.04,-94.42,59
Vallenar,100,CL,1562700990,16.18,2.62,-28.58,-70.76,54
Maceio,40,BR,1562700990,26,5.7,-9.67,-35.74,65
Hasaki,75,JP,1562700990,17.78,2.6,35.73,140.83,93
Fairbanks,40,US,1562700990,26.67,3.1,64.84,-147.72,38
Kavaratti,99,IN,1562700990,29.28,8.21,10.57,72.64,75
Fairview,90,CA,1562700821,15,2.1,56.07,-118.38,51
Kununurra,0,AU,1562700991,15,6.54,-15.77,128.74,82
Acacias,15,CO,1562700991,26.68,1.75,5.51,-74.29,71
Grindavik,75,IS,1562700991,15.56,4.6,63.84,-22.43,58
Axim,100,GH,1562700991,24.08,3.76,4.87,-2.24,90
Gambela,6,ET,1562700991,18.88,2.05,8.25,34.59,77
Karratha,99,AU,1562700991,19.38,2.69,-20.74,116.85,38
Santa Luzia,0,BR,1562700991,21,4.6,-19.77,-43.85,42
Peleduy,24,RU,1562700992,15.88,1.38,59.63,112.75,85
Cabo San Lucas,5,MX,1562700730,36.11,5.1,22.89,-109.91,29
Saint-Augustin,90,CA,1562700992,31.11,7.7,45.63,-73.98,35
Manado,20,ID,1562700992,23,1,1.49,124.85,94
Ahipara,0,NZ,1562700992,14.48,5.66,-35.17,173.16,72
Riyadh,0,SA,1562700992,36,2.6,24.63,46.72,8
Freeport,40,BS,1562700992,31,4.6,26.54,-78.7,66
Deputatskiy,4,RU,1562700993,17.68,1.23,69.3,139.9,76
Daia,0,RO,1562700993,20.56,1,43.99,25.99,56
College,40,US,1562700993,26.67,3.1,64.86,-147.8,38
Lorengau,99,PG,1562700993,25.18,2.5,-2.02,147.27,85
Salalah,75,OM,1562700993,29,2.1,17.01,54.1,83
Soe,10,EE,1562700993,13,4.1,57.91,26.05,93
La Ronge,75,CA,1562700993,16,5.1,55.1,-105.3,63
Kieta,100,PG,1562700994,25.68,0.51,-6.22,155.63,82
Lae,77,PG,1562700994,20.88,0.29,-6.72,146.98,94
Saint-Francois,0,FR,1562700994,24,3.1,46.42,3.91,31
Red Bluff,1,US,1562700994,28.89,2.6,40.18,-122.24,42
Olinda,33,AU,1562700994,11.11,4.6,-37.84,145.39,81
Lata,100,IN,1562700994,8.58,1.41,30.78,78.62,99
Mount Isa,90,AU,1562700994,19,6.2,-20.73,139.49,42
Hermanus,0,ZA,1562700994,14.44,6.63,-34.42,19.24,97
Nizwa,85,OM,1562700995,28.58,0.97,22.93,57.53,31
Margate,75,AU,1562700995,10.56,4.6,-43.03,147.26,70
Benghazi,0,LY,1562700995,27.28,4.93,32.12,20.07,71
Klaksvik,20,FO,1562700995,10,8.7,62.23,-6.59,76
Leningradskiy,74,RU,1562700995,11.18,3.51,69.38,178.42,69
Qaqortoq,75,GL,1562700995,19,8.7,60.72,-46.03,24
Vanavara,0,RU,1562700995,13.48,1.07,60.35,102.28,74
Berdigestyakh,100,RU,1562700996,17.08,1.86,62.1,126.7,89
Portree,100,GB,1562701049,13.33,3.13,57.41,-6.19,97
East London,75,ZA,1562701050,15,3.1,-33.02,27.91,87
Belaya Gora,4,RU,1562701050,22.18,1.37,68.54,146.19,58
Stykkisholmur,43,IS,1562701050,10.18,0.77,65.08,-22.73,83
Monclova,40,MX,1562701050,36,3.6,26.9,-101.42,23
Verkhnevilyuysk,70,RU,1562701050,19.68,0.68,63.45,120.31,74
Maxixe,0,MZ,1562701050,17,1.02,-23.86,35.35,88
Crotone,64,IT,1562701050,26.78,2.77,39.09,17.12,48
Ponta do Sol,0,BR,1562701051,14.98,2.37,-20.63,-46,56
Alice Springs,0,AU,1562701051,6,2.6,-23.7,133.88,45
Yerofey Pavlovich,0,RU,1562701051,13.48,1.52,53.97,121.97,91
Cherskiy,8,RU,1562701051,23.48,3.98,68.75,161.3,42
Novyy Urengoy,89,RU,1562701051,9.38,2.26,66.08,76.63,67
Codrington,90,AU,1562701051,9,2.6,-28.95,153.24,93
Moree,40,AU,1562701052,4,3.1,-29.46,149.84,93
Bambous Virieux,40,MU,1562701052,22,2.6,-20.34,57.76,88
Bambanglipuro,8,ID,1562701052,22.28,2.55,-7.95,110.28,85
Torbay,75,CA,1562701052,22.22,8.2,47.66,-52.73,49
Namatanai,84,PG,1562701052,24.88,0.98,-3.66,152.44,79
Half Moon Bay,75,US,1562701052,23.33,6.2,37.46,-122.43,68
Murdochville,74,CA,1562700780,14.18,5.94,48.96,-65.49,55
Broome,75,GB,1562701053,19,4.1,52.47,1.45,77
Agua Branca,33,BR,1562701053,26.68,1.91,-5.89,-42.63,55
Atasu,0,KZ,1562701053,17.38,2.23,48.68,71.64,59
Gat,0,SN,1562701053,30,5.1,14.69,-16.54,51
Pevek,34,RU,1562701053,7.98,3.57,69.7,170.27,71
Khatanga,100,RU,1562701053,9.58,2.59,71.98,102.47,88
Thompson,40,CA,1562700864,23,2.1,55.74,-97.86,43
Oeiras,2,BR,1562701054,27.58,1.62,-7.01,-42.13,44
Hobyo,100,SO,1562701054,25.68,10.92,5.35,48.53,74
Luderitz,0,NA,1562701054,19,1.5,-26.65,15.16,34
Sebastian,90,US,1562700904,31.11,5.1,27.82,-80.47,83
Broken Hill,0,AU,1562701054,7,4.1,-31.97,141.45,75
Tazovskiy,50,RU,1562700904,5.48,2.84,67.47,78.7,80
Novokuznetsk,0,RU,1562701054,15.08,0.93,53.76,87.14,87
Bandarbeyla,1,SO,1562701054,25.88,12.27,9.49,50.81,72
Saint-Philippe,40,CA,1562701055,31.11,3.6,45.36,-73.48,39
Georgetown,40,GY,1562701055,30,4.1,6.8,-58.16,79
Santa Isabel do Rio Negro,16,BR,1562701055,27.28,1.42,-0.41,-65.02,83
Ukiah,1,US,1562700807,27.22,2.1,39.15,-123.21,36
El Banco,100,CO,1562701055,30.58,2.02,9,-73.97,64
Tres Arroyos,0,AR,1562701055,11.08,2.4,-38.38,-60.28,67
Adrar,0,DZ,1562701055,44,2.6,27.87,-0.29,6
Touros,40,BR,1562701109,28,5.1,-5.2,-35.46,69
Lander,20,US,1562701110,22.78,2.6,42.83,-108.73,37
Mount Gambier,0,AU,1562701110,9,7.2,-37.83,140.78,81
Vostok,100,RU,1562701110,17.48,0.51,46.45,135.83,83
Chokurdakh,94,RU,1562701110,20.98,3.41,70.62,147.9,46
Minab,0,IR,1562701110,34,1.5,27.15,57.07,75
San Ramon de la Nueva Oran,0,AR,1562701110,22.28,1.87,-23.13,-64.33,38
Barcelos,22,BR,1562701111,25.98,1.49,-0.97,-62.93,95
Kanker,100,IN,1562701111,24.68,4.7,20.27,81.49,85
Rawson,0,AR,1562701111,10.68,3.31,-43.3,-65.11,57
Tuatapere,100,NZ,1562701111,3.89,0.45,-46.13,167.69,97
Arlit,64,NE,1562701111,36.58,1.86,18.74,7.39,18
Zhigansk,34,RU,1562701112,17.38,4.31,66.77,123.37,91
Tautira,20,PF,1562701112,26,2.1,-17.73,-149.15,74
Puerto Madryn,0,AR,1562701001,10.58,0.89,-42.77,-65.04,59
Rome,0,IT,1562701065,28,4.1,41.89,12.48,65
Wajima,0,JP,1562701112,22.18,3.78,37.4,136.9,82
Gouyave,20,GD,1562701112,30,8.2,12.16,-61.73,79
Bilibino,25,RU,1562701112,20.28,2.71,68.06,166.44,41
Kupang,0,ID,1562701112,23.78,7.08,-10.16,123.6,73
Ewa Beach,40,US,1562701112,31,4.6,21.32,-158.01,83
Riberalta,20,BO,1562701113,32,2.1,-11,-66.08,46
Shitanjing,0,CN,1562701113,20.68,5.51,39.23,106.34,39
Cody,90,US,1562701113,21.11,6.7,44.53,-109.06,55
Zhucheng,0,CN,1562701113,23,2,30.85,114.8,88
Saurimo,5,AO,1562701113,15.98,2.42,-9.66,20.4,26
Santa Cruz del Sur,100,CU,1562701113,28.28,3.45,20.71,-78,77
Kamenka,36,MD,1562701113,12.78,2.64,48.03,28.7,73
Numan,92,NG,1562701114,22.58,1.62,9.46,12.04,94
Mulege,0,MX,1562701114,31.88,3.84,26.88,-111.98,47
Portland,40,US,1562701114,31.11,3.6,43.66,-70.25,33
Kafanchan,100,NG,1562701114,20.48,1.27,9.58,8.3,94
Natal,20,BR,1562701114,28,7.2,-5.81,-35.21,65
Koltubanovskiy,100,RU,1562701114,17.58,0.53,52.94,52.03,97
Luau,15,CD,1562701114,15.58,0.7,-10.7,22.23,28
Neuruppin,0,DE,1562701114,16.67,3.1,52.92,12.81,59
Hamilton,90,CA,1562700914,28.33,2.6,43.26,-79.87,44
Khuzhir,92,RU,1562701115,13.98,0.82,53.19,107.35,62
Kazanka,0,UA,1562701115,17,3,47.83,32.83,72
Palmer,0,AU,1562701115,10.56,4.6,-34.85,139.16,76
Tabou,100,CI,1562701115,23.08,2.47,4.42,-7.36,84
Baykit,69,RU,1562701115,11.78,1.27,61.68,96.39,79
Bilma,47,NE,1562701115,35.78,3.59,18.69,12.92,18
Maraa,44,BR,1562701115,26.48,0.64,-1.83,-65.37,90
Sechura,15,PE,1562701116,18.68,6.6,-5.56,-80.82,84
Oistins,40,BB,1562701116,31,9.3,13.07,-59.53,62
Sampit,73,ID,1562701169,22.78,0.26,-2.54,112.95,97
Two Rivers,1,US,1562701170,30.56,5.1,44.15,-87.57,54
Camacupa,0,AO,1562701170,11.28,1.02,-12.02,17.48,24
Airai,1,TL,1562701170,19.28,2.12,-8.93,125.41,78
Galeana,0,MX,1562701170,27.18,6.94,24.83,-100.08,22
Sobolevo,63,RU,1562701170,10.08,3.22,54.43,31.9,95
Ulladulla,0,AU,1562701170,8.89,5.1,-35.36,150.48,81
Jupiter,1,US,1562700973,35,5.1,26.93,-80.09,52
Akdepe,0,TM,1562701171,29,3.1,42.05,59.39,35
San Juan,91,AR,1562701152,9.88,1.78,-31.54,-68.53,42
Asyut,0,EG,1562701171,31,5.1,27.18,31.19,31
Provideniya,0,RU,1562701171,22,5,64.42,-173.23,43
Brynmawr,90,GB,1562701171,21.11,3.6,51.8,-3.17,72
San Patricio,0,PY,1562701171,17.68,1.97,-26.98,-56.83,84
Saint Augustine,40,TT,1562701171,29.44,4.6,10.65,-61.4,83
Haines Junction,96,CA,1562701171,19.98,2.07,60.75,-137.51,31
Seoul,40,KR,1562700947,22,1,37.57,126.98,68
Baherden,53,TM,1562701172,27.98,2.98,38.44,57.43,24
Mossendjo,10,CG,1562701172,20.48,1.4,-2.95,12.72,86
Lahij,99,YE,1562701172,35.48,2.37,13.06,44.88,36
Le Vauclin,75,MQ,1562701172,30,9.3,14.55,-60.84,74
Saint George,40,GR,1562701172,31.11,0.9,39.45,22.34,51
Flinders,0,AU,1562701172,10,5.1,-34.58,150.85,81
Mazagao,40,BR,1562701172,28,2.6,-0.12,-51.29,83
Marsa Matruh,40,EG,1562701173,26,4.1,31.35,27.25,88
Marzuq,89,YE,1562701173,28.58,3.14,14.4,46.47,30
Bulawayo,0,ZW,1562701173,13.28,4.92,-20.16,28.59,54
Yining,82,CN,1562701173,18.98,0.32,29.04,114.56,98
Pingliang,0,CN,1562701173,9.98,2.16,35.54,106.68,80
Bethanien,0,NA,1562701173,10.48,2.7,-26.5,17.16,36
Pennagaram,100,IN,1562701173,24.08,3.32,12.13,77.9,67
Bad Hofgastein,40,AT,1562701173,17,1.5,47.17,13.11,63
Selma,6,US,1562701174,36.67,4.1,32.41,-87.02,47
Goderich,83,CA,1562701159,28.33,2.68,43.74,-81.71,45
Esperance,40,AU,1562701174,9,6.2,-33.86,121.89,93
Tulungagung,0,ID,1562701174,18.28,1.85,-8.06,111.9,93
Hay River,75,CA,1562701174,13,5.1,60.82,-115.79,62
Sisimiut,53,GL,1562701174,4.28,4.21,66.94,-53.67,94
Chegdomyn,100,RU,1562701174,17.98,0.96,51.13,133.04,95
Pangody,100,RU,1562701175,6.18,3.34,65.85,74.49,80
Kulhudhuffushi,100,MV,1562701175,28.78,4.41,6.62,73.07,79
Nanortalik,100,GL,1562701175,8.08,2.12,60.14,-45.24,66
Forest,1,US,1562701175,37,1.5,32.36,-89.47,52
Port Hardy,75,CA,1562701149,15,2.1,50.7,-127.42,82
Rio Gallegos,90,AR,1562701175,4,1.5,-51.62,-69.22,100
Muzhi,99,RU,1562701175,10.38,2.89,65.4,64.7,82
Sorland,20,NO,1562701176,13,4.1,67.67,12.69,82
Sao Filipe,60,CV,1562701229,23.08,8.44,14.9,-24.5,82
Lasa,0,CY,1562701230,27,3.6,34.92,32.53,83
Kysyl-Syr,76,RU,1562701230,18.78,0.66,63.9,122.77,88
Makakilo City,40,US,1562701226,31,4.6,21.35,-158.09,83
Xining,42,CN,1562701230,5.38,1.46,36.62,101.77,88
Viedma,0,AR,1562701230,11.08,2.65,-40.81,-62.99,63
Marck,0,FR,1562701230,18.33,2.6,50.95,1.95,63
Hermon,5,AM,1562701230,10.78,1.96,39.88,45.43,76
Cidreira,60,BR,1562701230,12.68,2.35,-30.17,-50.22,83
Nhamunda,75,BR,1562701231,28.28,1.16,-2.19,-56.71,75
Conceicao do Araguaia,28,BR,1562701231,29.58,1.87,-8.26,-49.26,42
Kyshtovka,16,RU,1562701231,10.38,3.6,56.56,76.62,96
Loandjili,75,CG,1562701231,24,1.5,-4.77,11.87,88
Heihe,20,RU,1562701231,20,1,50.24,127.51,94
Aksaray,0,TR,1562700975,26,5.1,38.37,34.03,34
Angoche,19,MZ,1562701231,18.48,1.99,-16.23,39.91,88
Salgueiro,84,BR,1562701231,24.28,7.7,-8.07,-39.12,68
Nabire,100,ID,1562701232,20.58,1.47,-3.36,135.5,99
Eyl,68,SO,1562701232,25.88,12.62,7.98,49.82,67
Coahuayana,24,MX,1562701232,33.88,0.71,18.62,-100.35,50
Balabac,87,PH,1562701232,26.98,1.44,7.99,117.06,73
Yichang,0,CN,1562701232,15.58,1.74,30.77,111.32,89
Pringsewu,78,ID,1562701232,21.58,1.11,-5.36,104.98,96
Nara,67,JP,1562701232,23.33,2.6,34.68,135.8,88
Khandagayty,2,MN,1562701232,11.48,2.01,50.73,92.07,74
Yarada,100,IN,1562701233,26.58,9.39,17.65,83.27,87
Merauke,67,ID,1562701007,25.08,8.11,-8.49,140.4,79
Matagami,100,NG,1562701233,20.48,1.27,9.67,8.4,94
Achim,0,DE,1562701233,17.22,3.1,52.06,10.61,55
Aberdeen,75,US,1562701233,22.22,1.5,46.98,-123.82,82
Lilongwe,0,MW,1562701228,16,4.1,-13.97,33.79,36
Jackville,20,CI,1562701233,25,4.6,5.21,-4.42,88
Langsa,90,ID,1562701233,20.88,1.14,4.47,97.97,96
Yumen,43,CN,1562701234,20.78,7.13,40.29,97.04,32
Yulara,0,AU,1562701234,7,3.6,-25.24,130.99,48
Cabedelo,20,BR,1562701234,27,5.7,-6.97,-34.84,74
Oussouye,40,SN,1562701234,31,5.69,12.49,-16.54,70
Honningsvag,75,NO,1562701234,7,6.7,70.98,25.97,93
Hovd,0,NO,1562701234,15,3.6,63.83,10.7,77
Mildura,0,AU,1562701234,7,3.6,-34.18,142.16,87
Bjelovar,20,HR,1562701235,19,0.5,45.9,16.84,77
Zaoyang,0,CN,1562701235,19.78,1.27,32.12,112.76,79
Vestmannaeyjar,100,IS,1562701235,12.28,9.04,63.44,-20.27,71
Ust-Maya,94,RU,1562701289,18.58,4,60.42,134.54,76
Vredendal,0,ZA,1562701290,16.78,4.11,-31.68,18.49,73
Saint-Georges,80,CA,1562701290,26.11,2.24,46.12,-70.67,38
Yuxia,40,CN,1562701290,19,2,34.06,108.63,93
Wahiawa,75,US,1562701241,31,3.1,21.5,-158.02,78
Maniitsoq,100,GL,1562701290,7.68,1.23,65.42,-52.9,80
Ragama,20,LK,1562701290,25,2.1,7.03,79.92,88
Purranque,75,CL,1562701290,14,4.6,-40.91,-73.16,76
Pangai,90,TO,1562701291,24,3.1,-19.8,-174.35,100
Colomi,0,BO,1562701291,27,1.5,-17.34,-65.87,10
Comodoro Rivadavia,0,AR,1562701145,12,2.1,-45.87,-67.48,71
Faya,5,SA,1562701291,29,4.1,18.39,42.45,42
Shushtar,0,IR,1562701291,36,1,32.05,48.86,14
Iranshahr,0,IR,1562701291,39,2.62,27.21,60.69,31
Banjar,7,ID,1562701291,18.68,0.67,-7.37,108.54,97
Santa Cruz,13,BR,1562701291,24.08,4.88,-6.22,-36.02,60
Peque,100,CO,1562701292,18.48,0.11,7.02,-75.91,92
Escarcega,100,MX,1562701292,33.68,2.35,18.61,-90.75,51
Whitehorse,90,CA,1562701286,21.11,2.1,60.72,-135.06,39
Harper,1,US,1562701292,33.33,1.5,30.3,-99.24,74
Adzope,100,CI,1562701292,21.98,1.75,6.11,-3.86,96
Port Macquarie,0,AU,1562701292,7.78,3.6,-31.43,152.91,87
Yerbogachen,6,RU,1562701292,15.48,0.77,61.28,108.01,75
Beringovskiy,0,RU,1562701292,16.98,2.69,63.05,179.32,62
Xuchang,75,CN,1562701293,22,1,34.03,113.82,88
Gamba,100,CN,1562701293,5.98,1.96,28.28,88.52,72
Pochutla,75,MX,1562701293,32.78,5.1,15.74,-96.47,62
Charters Towers,100,AU,1562701293,17.18,2.3,-20.07,146.27,89
Usinsk,90,RU,1562701293,5.78,4.11,66,57.56,93
Clarence Town,0,AU,1562701293,8.89,4.1,-32.59,151.78,87
Novosheshminsk,100,RU,1562701293,15.78,3.54,55.06,51.22,96
Playas,46,EC,1562701294,22.78,7.23,-2.64,-80.39,81
Marshall,40,US,1562701294,33.33,4.1,39.12,-93.2,62
Katangli,41,RU,1562701294,8.08,3.92,51.71,143.23,88
Vysokogornyy,100,RU,1562701294,12.18,1.53,50.1,139.13,86
Narrabri,40,AU,1562701294,5.56,2.1,-30.33,149.78,86
Ulundi,0,ZA,1562701294,9.88,1.71,-28.29,31.43,72
Yabrud,0,SY,1562701294,28,5.7,33.97,36.66,26
Nyimba,0,ZM,1562701295,14.48,0.87,-14.56,30.81,41
Maturin,96,VE,1562701099,26.28,2.12,9.75,-63.18,71
Hope,40,US,1562701295,34,2.6,33.67,-93.59,55
Brae,100,GB,1562701295,12,5.7,60.4,-1.35,81
Oktyabrskoye,40,RU,1562701295,16.11,4,56.73,85.44,93
Fortuna,1,US,1562701295,25,5.1,40.6,-124.16,72
Farafangana,97,MG,1562701349,18.18,2,-22.82,47.83,88
Mehamn,75,NO,1562701350,7,6.2,71.03,27.85,93
Gorontalo,98,ID,1562701350,22.18,1.15,0.54,123.06,94
Severo-Yeniseyskiy,76,RU,1562701350,13.18,1.25,60.37,93.04,79
La Trinitaria,64,MX,1562701350,28.78,1.79,16.12,-92.05,60
Zhengjiatun,100,CN,1562701350,21.78,1.62,43.51,123.51,76
Chocaman,100,MX,1562701350,18.48,4.22,19.02,-97.02,60
West Allis,40,US,1562701263,30,3.1,43.02,-88.01,58
Araouane,56,ML,1562701350,37.48,2.65,18.9,-3.53,20
Umm Kaddadah,24,SD,1562701351,31.48,2.18,13.6,26.69,34
Winslow,0,GB,1562701351,22,1,51.94,-0.88,68
Springfield,40,US,1562701351,32.22,3.6,42.1,-72.59,27
Taybad,0,IR,1562701351,25.68,5.81,34.74,60.78,23
Matay,0,EG,1562701351,28.18,4.97,28.42,30.79,35
Stavropol,0,RU,1562701351,20,3,45.04,41.97,52
Griffith,0,AU,1562701351,5,2.85,-34.29,146.06,100
Mingshui,100,CN,1562701352,22.78,1.62,22.81,109.89,93
Sola,24,TZ,1562701352,19.48,1.56,-3.17,33.8,68
Brunico,20,IT,1562701352,24,3.6,46.8,11.94,60
Panaba,97,MX,1562701219,30.18,4.83,21.28,-88.27,65
Lishui,100,CN,1562701352,19.78,0.54,28.45,119.91,99
Ashtabula,20,US,1562701352,28.89,2.6,41.87,-80.79,61
Kewanee,1,US,1562701289,31.67,4.6,41.25,-89.92,52
Fare,22,PF,1562701352,25.08,6.08,-16.7,-151.02,77
Havre,75,US,1562701352,23,4.1,48.55,-109.68,40
Burns Lake,100,CA,1562701353,16.38,1.55,54.23,-125.76,73
Takoradi,100,GH,1562701353,22.48,1.56,4.89,-1.75,94
Ugoofaaru,100,MV,1562701353,28.98,5.72,5.67,73,78
Elizabeth City,1,US,1562701353,30,6.7,36.3,-76.22,51
Prince Rupert,90,CA,1562701353,15,1.5,54.32,-130.32,87
Ilinskoye-Khovanskoye,90,RU,1562701353,14,2.68,56.97,39.77,100
Sao Joao da Barra,0,BR,1562701354,23,6.2,-21.64,-41.05,49
Solnechnyy,100,RU,1562701354,16.68,0.12,50.72,136.64,88
Ocampo,92,MX,1562701354,30.28,3.16,27.32,-102.4,29
Marquette,5,US,1562701354,28.33,4.6,46.54,-87.4,47
Kindu,69,CD,1562701354,21.88,1.13,-2.95,25.92,89
Brazzaville,0,CD,1562701354,24,1,-4.27,15.27,83
Mwinilunga,0,ZM,1562701354,13.08,2.3,-11.73,24.43,32
Clinton,1,US,1562701354,31.67,2.1,41.28,-72.53,43
Collie,27,AU,1562701355,13.89,1.95,-33.36,116.15,62
Liuhe,41,CN,1562701355,17.28,1.06,42.28,125.73,86
Upington,0,ZA,1562701355,16,1,-28.46,21.24,60
Male,91,UA,1562701355,11.78,3.66,50.74,33.7,90
Palauig,44,PH,1562701409,28.38,6.07,15.44,119.9,80
Ortakoy,0,TR,1562701410,26,5.1,38.74,34.04,34
Rexburg,1,US,1562701410,22.22,2.6,43.82,-111.79,37
Alta Floresta,40,BR,1562701410,33,3.6,-9.87,-56.08,38
Eureka,75,US,1562701214,22.22,2.1,40.8,-124.16,77
San Quintin,69,PH,1562701410,22.58,1.66,17.54,120.52,90
Antigonish,75,CA,1562701410,21.67,5.1,45.62,-61.99,55
Anuchino,100,RU,1562701410,15.68,0.25,43.97,133.06,94
Le Port,78,FR,1562701411,20.56,2.24,42.87,1.37,69
Vardo,40,US,1562701411,31,4.1,39.62,-77.74,51
Pipri,100,IN,1562701411,25.78,2.78,24.21,83.02,87
Kango,55,GA,1562701411,21.98,0.87,0.19,10.1,89
Tura,84,RU,1562701411,13.18,2.37,64.27,100.22,79
Phalombe,0,MW,1562701411,12.38,2.85,-15.81,35.65,86
Bubaque,85,GW,1562701411,26.78,9.25,11.28,-15.83,84
Pacific Grove,40,US,1562701186,25.56,4.1,36.62,-121.92,63
Swan Hill,0,AU,1562701412,6.58,4.51,-35.34,143.56,84
Waraseoni,100,IN,1562701412,24.88,2.39,21.76,80.05,90
Shingu,95,JP,1562701412,18.08,1.58,33.72,135.99,97
Port Augusta,0,AU,1562701412,8.33,2.6,-32.49,137.76,80
Atherton,90,AU,1562701412,21,4.6,-17.27,145.48,83
Caravelas,54,BR,1562701412,21.68,4.97,-17.73,-39.27,64
Barranca,0,PE,1562701412,16.98,5.82,-10.75,-77.76,86
Voh,0,NC,1562701413,18.98,5.64,-20.95,164.69,68
Tempio Pausania,0,IT,1562701413,32,2.6,40.9,9.1,46
Houston,1,US,1562700759,36.11,2.1,29.76,-95.37,41
Ca Mau,5,VN,1562701413,25.68,1.23,9.18,105.15,89
Kayerkan,75,RU,1562701413,9,6,69.35,87.76,87
Quatre Cocos,40,MU,1562701413,22,2.6,-20.21,57.76,88
Moville,75,US,1562701413,29,7.7,42.49,-96.07,69
Ishigaki,100,JP,1562701413,29.08,11.08,24.34,124.16,84
Weiser,1,US,1562701171,28.89,1.5,44.25,-116.97,30
Beidao,0,CN,1562701414,11.68,1.1,34.57,105.89,74
Kiama,0,AU,1562701414,10,5.1,-34.67,150.86,81
Udachnyy,0,RU,1562701414,14,2,66.42,112.4,67
Amahai,98,ID,1562701414,26.67,3.56,-3.31,129,93
Geraldton,75,CA,1562701204,28,6.7,49.72,-86.95,51
Pareora,100,NZ,1562701414,5,0.38,-44.49,171.21,97
Soyo,90,AO,1562701414,22,2.1,-6.13,12.37,83
Jever,75,DE,1562701415,15,5.7,53.57,7.9,67
Posadas,0,PY,1562701415,26,4.1,-27.37,-55.89,40
Leh,33,IN,1562701415,4.28,1.47,34.16,77.58,53
Matara,88,BI,1562701415,11.38,0.37,-3.48,29.48,90
Sitka,0,US,1562701415,34.28,3.04,37.17,-99.65,35
Mackenzie,1,CA,1562701415,17,3.1,55.34,-123.09,51
Chukhloma,100,RU,1562701415,11.98,1.95,58.76,42.68,99
Hagere Hiywet,0,ET,1562701469,12.18,1.04,8.98,37.85,96
Srednekolymsk,19,RU,1562701259,24.78,4.86,67.46,153.71,34
Gornoye Loo,0,RU,1562701470,20,3,43.72,39.61,88
Dubti,1,ET,1562701470,34.78,3.82,11.74,41.09,32
Togur,65,RU,1562701470,11.08,2.21,58.36,82.83,95
Moyobamba,0,PE,1562701470,25.18,1.74,-6.03,-76.97,57
Egvekinot,0,RU,1562701470,23.28,0.52,66.32,-179.17,32
Boma,100,GH,1562701470,21.48,1.18,7.08,-2.17,91
Two Hills,89,CA,1562701470,15.48,1.24,53.71,-111.75,72
La Asuncion,21,AR,1562701470,15.38,1.38,-26.05,-65.39,46
Terenos,0,BR,1562701471,28,2.1,-20.44,-54.87,24
Saldanha,4,PT,1562701471,22.58,1.37,41.42,-6.55,46
Ambilobe,22,MG,1562701471,22.18,2.15,-13.19,49.05,82
Gbarnga,47,LR,1562701471,20.88,1.71,7,-9.47,99
Waterfoot,90,GB,1562701471,17.78,1.5,53.69,-2.25,93
Anadyr,0,RU,1562701471,21.67,3.3,64.73,177.51,46
Nelson Bay,0,AU,1562701471,8.89,4.1,-32.72,152.14,87
Aklavik,75,CA,1562701472,19,3.1,68.22,-135.01,48
Juneau,90,US,1562701472,18,1.5,58.3,-134.42,72
Mikkeli,0,FI,1562701472,13,1.5,61.69,27.27,76
Marienburg,20,DE,1562701472,16,3.6,52.12,9.98,58
Porto Walter,71,BR,1562701472,29.28,1.38,-8.27,-72.74,54
Petropavlovsk-Kamchatskiy,40,RU,1562701472,10,1,53.05,158.65,100
Chambersburg,40,US,1562701458,30.56,4.1,39.94,-77.66,51
Shenjiamen,100,CN,1562701473,22.88,7.04,29.96,122.3,90
Dzilam Gonzalez,100,MX,1562701473,27.58,7.61,21.28,-88.93,81
Wajir,6,KE,1562701473,27.68,9.03,1.75,40.07,56
Ribeira Brava,20,PT,1562701473,22,4.1,32.65,-17.07,64
Mahanoro,100,MG,1562701473,19.98,1.07,-19.9,48.8,94
Jinka,57,ET,1562701473,19.08,1.99,5.79,36.57,81
Yaan,100,NG,1562701473,22.58,2.84,7.38,8.57,96
Curuca,54,BR,1562701474,25.78,1.34,-2.52,-61.06,95
Show Low,1,US,1562701468,31.11,6.7,34.25,-110.03,18
Bol,46,TD,1562701474,29.08,1.04,13.47,14.72,62
Kijang,0,KR,1562701474,22,5.1,35.24,129.21,68
Coihaique,75,CL,1562701408,9,2.1,-45.58,-72.07,87
Paamiut,0,GL,1562701474,7.98,5.05,61.99,-49.67,80
Constitucion,20,MX,1562701474,25.56,1.5,23.99,-104.67,44
Victor Harbor,0,AU,1562701474,10.56,4.6,-35.55,138.62,76
Rtishchevo,0,RU,1562701474,11.98,4.26,52.26,43.79,93
Kalmunai,100,LK,1562701475,25.78,1.21,7.42,81.82,81
Dingle,54,PH,1562701475,23.28,1.02,11,122.67,86
Wamba,81,CD,1562701475,19.48,0.71,2.14,27.99,98
Bay Roberts,75,CA,1562701475,22.22,8.2,47.58,-53.28,49
Cordoba,100,AR,1562701461,18.58,3.39,-27.78,-67.24,28
Ratnagiri,96,IN,1562701475,27.88,9.26,16.98,73.3,81
